{"options":{"awareOfChrome":false,"comment":null,"compat_arrayleft":false,"compat_foreach":false,"compat_forvarin":false,"compat_metadata":false,"compat_uW_gmonkey":false,"compat_wrappedjsobject":false,"compatopts_for_requires":true,"noframes":null,"override":{"merge_connects":true,"merge_excludes":true,"merge_includes":true,"merge_matches":true,"orig_connects":[],"orig_excludes":[],"orig_includes":["*://google.*","*://www.google.*","*://encrypted.google.*"],"orig_matches":["*://yandex.ru/*","*://yandex.ua/*","*://yandex.by/*","*://yandex.kz/*","*://yandex.com.tr/*","*://yandex.com/*","*://*.yandex.ru/*","*://*.yandex.ua/*","*://*.yandex.by/*","*://*.yandex.kz/*","*://*.yandex.com.tr/*","*://*.yandex.com/*","*://youtube.com/*","*://*.youtube.com/*","*://deviantart.com/*","*://*.deviantart.com/*","*://joyreactor.cc/*","*://*.joyreactor.cc/*","*://reactor.cc/*","*://*.reactor.cc/*","*://joyreactor.com/*","*://*.joyreactor.com/*","*://vk.com/*","*://*.vk.com/*","*://ok.ru/*","*://*.ok.ru/*","*://steamcommunity.com/*","*://*.steamcommunity.com/*","*://facebook.com/*","*://*.facebook.com/*","*://twitter.com/*","*://*.twitter.com/*","*://4pda.ru/*","*://*.4pda.ru/*","*://kat.cr/*","*://kickassto.co/*","*://katproxy.is/*","*://thekat.tv/*","*://*.kat.cr/*","*://*.kickassto.co/*","*://*.katproxy.is/*","*://*.thekat.tv/*","*://addons.mozilla.org/*","*://pixiv.net/*","*://*.pixiv.net/*","*://tumblr.com/*","*://*.tumblr.com/*","*://danieldefo.ru/*","*://*.danieldefo.ru/*","*://yaplakal.com/*","*://*.yaplakal.com/*","*://soundcloud.com/*","*://*.soundcloud.com/*","*://upwork.com/*","*://*.upwork.com/*"],"orig_noframes":null,"orig_run_at":"document-idle","use_blockers":[],"use_connects":[],"use_excludes":[],"use_includes":[],"use_matches":[]},"run_at":null},"settings":{"enabled":false,"position":16},"meta":{"name":"Direct links out","uuid":"cecd69e7-ccc8-47ad-bf47-2573e30f68ac","modified":1469598925908,"file_url":"https://greasyfork.org/scripts/15857-direct-links-out/code/Direct%20links%20out.user.js"}}