{"options":{"awareOfChrome":false,"comment":null,"compat_arrayleft":false,"compat_foreach":false,"compat_forvarin":false,"compat_metadata":false,"compat_uW_gmonkey":false,"compat_wrappedjsobject":false,"compatopts_for_requires":true,"noframes":null,"override":{"merge_connects":true,"merge_excludes":true,"merge_includes":true,"merge_matches":true,"orig_connects":[],"orig_excludes":[],"orig_includes":["*"],"orig_matches":[],"orig_noframes":null,"orig_run_at":"document-start","use_blockers":[],"use_connects":[],"use_excludes":[],"use_includes":[],"use_matches":[]},"run_at":null},"settings":{"enabled":false,"position":29},"meta":{"name":"Focus input text field on Esc","uuid":"3bea198d-a20c-48eb-874a-6c73abd5eed5","modified":1469646891384,"file_url":"https://greasyfork.org/scripts/9525-focus-input-text-field-on-esc/code/Focus%20input%20text%20field%20on%20Esc.user.js"}}