{"options":{"awareOfChrome":false,"comment":null,"compat_arrayleft":false,"compat_foreach":false,"compat_forvarin":false,"compat_metadata":false,"compat_uW_gmonkey":false,"compat_wrappedjsobject":false,"compatopts_for_requires":true,"noframes":null,"override":{"merge_connects":true,"merge_excludes":true,"merge_includes":true,"merge_matches":true,"orig_connects":[],"orig_excludes":[],"orig_includes":["https://books.google.*/books*"],"orig_matches":[],"orig_noframes":null,"orig_run_at":"document-idle","use_blockers":[],"use_connects":[],"use_excludes":[],"use_includes":[],"use_matches":[]},"run_at":null},"settings":{"enabled":false,"position":22},"meta":{"name":"GBookDown - Download Google Books","uuid":"e821fb56-7f28-4fc1-b456-03ec242ef654","modified":1469607164374,"file_url":"https://greasyfork.org/scripts/17113-gbookdown-download-google-books/code/GBookDown%20-%20Download%20Google%20Books.user.js"}}