{"options":{"awareOfChrome":false,"comment":null,"compat_arrayleft":false,"compat_foreach":false,"compat_forvarin":false,"compat_metadata":false,"compat_uW_gmonkey":false,"compat_wrappedjsobject":false,"compatopts_for_requires":true,"noframes":null,"override":{"merge_connects":true,"merge_excludes":true,"merge_includes":true,"merge_matches":true,"orig_connects":[],"orig_excludes":[],"orig_includes":["https://github.com/*","https://gist.github.com/*"],"orig_matches":[],"orig_noframes":null,"orig_run_at":"document-idle","use_blockers":[],"use_connects":[],"use_excludes":[],"use_includes":[],"use_matches":[]},"run_at":null},"settings":{"enabled":false,"position":24},"meta":{"name":"GitHub Collapse Markdown","uuid":"08b4c967-e942-4631-b4a2-0acf540fda86","modified":1469650220203,"file_url":"https://greasyfork.org/scripts/20974-github-collapse-markdown/code/GitHub%20Collapse%20Markdown.user.js"}}