{"options":{"awareOfChrome":false,"comment":null,"compat_arrayleft":false,"compat_foreach":false,"compat_forvarin":false,"compat_metadata":false,"compat_uW_gmonkey":false,"compat_wrappedjsobject":false,"compatopts_for_requires":true,"noframes":null,"override":{"merge_connects":true,"merge_excludes":true,"merge_includes":true,"merge_matches":true,"orig_connects":[],"orig_excludes":[],"orig_includes":["http*://www.google.*/*","http*://encrypted.google.*/*"],"orig_matches":[],"orig_noframes":null,"orig_run_at":"document-idle","use_blockers":[],"use_connects":[],"use_excludes":[],"use_includes":[],"use_matches":[]},"run_at":null},"settings":{"enabled":true,"position":19},"meta":{"name":"Google site: Tool (Site results / Exclude sites)","uuid":"e20e6854-8856-420d-ab34-a4d922f53ba0","modified":1471294500204,"file_url":"https://greasyfork.org/scripts/1679-google-site-tool-site-results-exclude-sites/code/Google%20site:%20Tool%20(Site%20results%20%20Exclude%20sites).user.js"}}