{"options":{"awareOfChrome":false,"comment":null,"compat_arrayleft":false,"compat_foreach":false,"compat_forvarin":false,"compat_metadata":false,"compat_uW_gmonkey":false,"compat_wrappedjsobject":false,"compatopts_for_requires":true,"noframes":null,"override":{"merge_connects":true,"merge_excludes":true,"merge_includes":true,"merge_matches":true,"orig_connects":[],"orig_excludes":[],"orig_includes":["/https?:\\/\\/(www\\.)?google\\.(com|(?:com?\\.)?\\w\\w)\\/.*/"],"orig_matches":[],"orig_noframes":null,"orig_run_at":"document-start","use_blockers":[],"use_connects":[],"use_excludes":[],"use_includes":[],"use_matches":[]},"run_at":null},"settings":{"enabled":false,"position":37},"meta":{"name":"Google youtube search link","uuid":"dd8113d8-d64c-488b-9302-f75cdf23218d","modified":1472418533170,"file_url":"https://greasyfork.org/scripts/7784-google-youtube-search-link/code/Google%20youtube%20search%20link.user.js"}}