{"options":{"awareOfChrome":false,"comment":null,"compat_arrayleft":false,"compat_foreach":false,"compat_forvarin":false,"compat_metadata":false,"compat_uW_gmonkey":false,"compat_wrappedjsobject":false,"compatopts_for_requires":true,"noframes":null,"override":{"merge_connects":true,"merge_excludes":true,"merge_includes":true,"merge_matches":true,"orig_connects":[],"orig_excludes":[],"orig_includes":["http://hh.ru/*","https://hh.ru/*","http://career.ru/*","https://moikrug.ru/*","http://itmozg.ru/*","http://www.superjob.ru/*"],"orig_matches":[],"orig_noframes":null,"orig_run_at":"document-end","use_blockers":[],"use_connects":[],"use_excludes":[],"use_includes":[],"use_matches":[]},"run_at":null},"settings":{"enabled":false,"position":36},"meta":{"name":"hhFiller","uuid":"fb37e825-73c9-4a28-bec2-1f5d307a78b6","modified":1472334129964,"file_url":"https://greasyfork.org/scripts/10338-hhfiller/code/hhFiller.user.js"}}