{"options":{"awareOfChrome":false,"comment":null,"compat_arrayleft":false,"compat_foreach":false,"compat_forvarin":false,"compat_metadata":false,"compat_uW_gmonkey":false,"compat_wrappedjsobject":false,"compatopts_for_requires":true,"noframes":null,"override":{"merge_connects":true,"merge_excludes":true,"merge_includes":true,"merge_matches":true,"orig_connects":["*"],"orig_excludes":["http://wikipedia.tld/*","http://*.wikipedia.tld/*","http://wikipedia.org/*","http://*.wikipedia.org/*","https://wikipedia.org/*","https://*.wikipedia.org/*","http://www.youtube.com/*","https://www.youtube.com/*"],"orig_includes":["*","http://*","https://*"],"orig_matches":[],"orig_noframes":null,"orig_run_at":"document-idle","use_blockers":[],"use_connects":[],"use_excludes":[],"use_includes":[],"use_matches":[]},"run_at":null},"settings":{"enabled":false,"position":7},"meta":{"name":"Hover Preview","uuid":"482f7703-dfdb-4c7f-af55-fc72f86df2dd","modified":1471324172416,"file_url":"https://greasyfork.org/scripts/8042-hover-preview/code/Hover%20Preview.user.js"}}