{"options":{"awareOfChrome":false,"comment":null,"compat_arrayleft":false,"compat_foreach":false,"compat_forvarin":false,"compat_metadata":false,"compat_uW_gmonkey":false,"compat_wrappedjsobject":false,"compatopts_for_requires":true,"noframes":null,"override":{"merge_connects":true,"merge_excludes":true,"merge_includes":true,"merge_matches":true,"orig_connects":[],"orig_excludes":[],"orig_includes":["https://greasyfork.org/*forum/discussion/*","https://greasyfork.org/*forum/post/discussion*","https://greasyfork.org/*forum/vanilla/post/editdiscussion/*","https://greasyfork.org/*forum/post/editdiscussion/*","https://greasyfork.org/*scripts/*/versions/new*","https://greasyfork.org/*script_versions/new*","https://greasyfork.org/*forum/messages/*","https://greasyfork.org/*forum/profile/*/*","https://greasyfork.org/*forum/profile","https://forum.userstyles.org/discussion/*","https://forum.userstyles.org/post/discussion*","https://forum.userstyles.org/messages/*","https://forum.userstyles.org/messages/add*","https://forum.userstyles.org/vanilla/post/editdiscussion/*"],"orig_matches":[],"orig_noframes":null,"orig_run_at":"document-start","use_blockers":[],"use_connects":[],"use_excludes":[],"use_includes":[],"use_matches":[]},"run_at":null},"settings":{"enabled":false,"position":27},"meta":{"name":"Markdown toolbar for GreasyFork and UserStyles.org","uuid":"5cc82063-5f1b-4e7d-90b9-b4dfbed31aa5","modified":1469647102768,"file_url":"https://greasyfork.org/scripts/6779-markdown-toolbar-for-greasyfork-and-userstyles-org/code/Markdown%20toolbar%20for%20GreasyFork%20and%20UserStylesorg.user.js"}}