{"options":{"awareOfChrome":false,"comment":null,"compat_arrayleft":false,"compat_foreach":false,"compat_forvarin":false,"compat_metadata":false,"compat_uW_gmonkey":false,"compat_wrappedjsobject":false,"compatopts_for_requires":true,"noframes":null,"override":{"merge_connects":true,"merge_excludes":true,"merge_includes":true,"merge_matches":true,"orig_connects":["*"],"orig_excludes":[],"orig_includes":["http*"],"orig_matches":[],"orig_noframes":null,"orig_run_at":"document-idle","use_blockers":[],"use_connects":["*"],"use_excludes":[],"use_includes":[],"use_matches":[]},"run_at":null},"settings":{"enabled":false,"position":15},"meta":{"name":"Mouseover Popup Image Viewer","uuid":"57c5bbb9-fe78-4286-9e00-189b82e38ec6","modified":1469598681983,"file_url":"https://greasyfork.org/scripts/404-mouseover-popup-image-viewer/code/Mouseover%20Popup%20Image%20Viewer.user.js"}}