{"options":{"awareOfChrome":false,"comment":null,"compat_arrayleft":false,"compat_foreach":false,"compat_forvarin":false,"compat_metadata":false,"compat_uW_gmonkey":false,"compat_wrappedjsobject":false,"compatopts_for_requires":true,"noframes":null,"override":{"merge_connects":true,"merge_excludes":true,"merge_includes":true,"merge_matches":true,"orig_connects":[],"orig_excludes":[],"orig_includes":["http://wikipedia.tld/*","http://*.wikipedia.tld/*","http://wikipedia.org/*","http://*.wikipedia.org/*","https://developer.chrome.com/*","http://developer.chrome.com/*","http://www.w3schools.com/*","https://www.w3schools.com/*","https://wikipedia.org/*","https://*.wikipedia.org/*"],"orig_matches":[],"orig_noframes":null,"orig_run_at":"document-idle","use_blockers":[],"use_connects":[],"use_excludes":[],"use_includes":[],"use_matches":[]},"run_at":null},"settings":{"enabled":true,"position":4},"meta":{"name":"Reading content","uuid":"80288d2d-270e-4f6d-a372-e1a7c740b88b","modified":1472271042690}}