{"options":{"awareOfChrome":false,"comment":null,"compat_arrayleft":false,"compat_foreach":false,"compat_forvarin":false,"compat_metadata":false,"compat_uW_gmonkey":false,"compat_wrappedjsobject":false,"compatopts_for_requires":true,"noframes":null,"override":{"excludes":false,"includes":false,"matches":false,"merge_connects":true,"merge_excludes":true,"merge_includes":true,"merge_matches":true,"orig_connects":["vk.com","vk.me","vk-cdn.net","youtube.com","youtube-nocookie.com","ytimg.com","googlevideo.com","video.google.com","google-analytics.com","dailymotion.com","vimeo.com","vimeocdn.com","odnoklassniki.ru","ok.ru","cdn-ok.com","mycdn.me","pladform.ru","clipyou.ru","soundcloud.com","sndcdn.com","mail.ru","cdninstagram.com","fbcdn.net","facebook.com","sf-helper.com","aviasales.ru","travelpayouts.com","skyscanner.net","hotellook.com","savefrom.net","self","*"],"orig_excludes":["*://google.*/*","*://*.google.*/*","*://acidtests.org/*","*://*.acidtests.org/*"],"orig_includes":["http://*","https://*"],"orig_matches":[],"orig_noframes":null,"orig_run_at":"document-end","use_blockers":["*"],"use_connects":["www.google-analytics.com"],"use_excludes":[],"use_includes":[],"use_matches":[]},"run_at":null},"settings":{"enabled":true,"position":2},"meta":{"name":"SaveFrom.net helper","uuid":"85b71f56-8d95-4978-94c7-f08ffac864fe","modified":1472417876492,"file_url":"https://download.sf-helper.com/chrome/helper.user.js"}}