{"data":{"$":"sisMonoEmptyValue","$_expire_":"sisMonoEmptyValue","attr":"sisMonoEmptyValue","attr_expire_":"sisMonoEmptyValue","aviaBarNewStyle":"btrue","bind":"sisMonoEmptyValue","bind_expire_":"sisMonoEmptyValue","country":"s{\"w\":\"ru\"}","country_expire_":"s{\"w\":1469643498}","css":"sisMonoEmptyValue","css_expire_":"sisMonoEmptyValue","dblTrack":"s{\"w\":\"67d5449b-872d-4d5d-9dee-0b405833fafe,1473199017133\"}","detach":"sisMonoEmptyValue","detach_expire_":"sisMonoEmptyValue","each":"sisMonoEmptyValue","each_expire_":"sisMonoEmptyValue","fade":"sisMonoEmptyValue","fade_expire_":"sisMonoEmptyValue","focus":"sisMonoEmptyValue","focus_expire_":"sisMonoEmptyValue","form":"sisMonoEmptyValue","form_expire_":"sisMonoEmptyValue","fromId":"n-1","fromIdTimeout":"n1465732002","gmNativeDownload":"n1","hasDP":"uundefined","html":"sisMonoEmptyValue","html_expire_":"sisMonoEmptyValue","lastCountryRequest":"s{\"w\":1467659753}","lastVersion":"s{\"w\":\"6.42.2\"}","lastVersionExpire":"s1438677205","lastVersion_expire_":"s{\"w\":1468049398}","liteStorage":"s{\"w\":{\"metaTimeout\":1473251328,\"metaExpire\":1473228881,\"lastVersion\":\"6.60.2\",\"lastVersionExpire\":1473649376,\"fromIdTimeout\":1467729394,\"trackTimeout\":1473242165,\"fromId\":-1,\"countryRequestTimeout\":1469470697,\"countryTimeout\":1473228880,\"countryExpire\":1473401681}}","meta":"s{\"w\":{\"dp\":{\"enable\":true,\"percent\":100,\"listExp\":true},\"exp\":{\"34\":{\"enable\":true,\"percent\":50},\"51\":{\"enable\":true,\"percent\":50}}}}","metaExpire":"s1438120641","meta_expire_":"s{\"w\":1467792888}","onceTrackAviaBar":"n0","onceYtUmmyBtn":"n1","remove":"sisMonoEmptyValue","remove_expire_":"sisMonoEmptyValue","sel":"sisMonoEmptyValue","sel_expire_":"sisMonoEmptyValue","showUmmyInfo":"n0","sovetnikBlacklist":"o{}","sovetnikEnabled":"n0","sovetnikOfferAccepted":"bfalse","sovetnikRemoved":"bfalse","sovetnikUpdateTime":"n1431647065318","statOpt":"o{\"isAllow\":false}","submit":"sisMonoEmptyValue","submit_expire_":"sisMonoEmptyValue","toggle":"sisMonoEmptyValue","toggle_expire_":"sisMonoEmptyValue","trackTime":"s{\"w\":\"1467706996854\"}","uRadio":"o{\"siteList\":{\"radiorecord.ru\":3,\"tunein.com\":3}}","ummyDetected":"n1","uuid":"sdf53c2ea-58eb-41db-8033-3578bbb7662b","val":"sisMonoEmptyValue","val_expire_":"sisMonoEmptyValue","version":"s{\"w\":\"6.60.2\"}","wheel":"sisMonoEmptyValue","wheel_expire_":"sisMonoEmptyValue","ytDechipList":"s{\"w\":{\"16966\":[[\"swap\",36],[\"splice\",2],[\"swap\",65],[\"reverse\",null],[\"splice\",2],[\"swap\",11],[\"swap\",31]],\"16974\":[[\"reverse\",null],[\"swap\",45],[\"reverse\",null]],\"16976\":[[\"swap\",57],[\"reverse\",null],[\"swap\",57],[\"swap\",38],[\"splice\",3],[\"swap\",47],[\"splice\",2]]}}","ytHide3D":"n1","ytHide3GP":"n1","ytHideAudio_MP4":"n1","ytHideMP4NoAudio":"n1","ytHideWebM":"n1","ytLastITag":"summy"},"ts":1473229729429}