{"options":{"comment":null,"compatopts_for_requires":true,"compat_wrappedjsobject":false,"compat_metadata":false,"compat_foreach":false,"compat_arrayleft":false,"compat_uW_gmonkey":false,"compat_forvarin":false,"noframes":null,"awareOfChrome":false,"run_at":null,"override":{"merge_connects":true,"merge_excludes":true,"merge_includes":true,"merge_matches":true,"orig_connects":[],"orig_excludes":[],"orig_includes":["/https?:\\/\\/(www\\.)?google\\.(com|(?:com?\\.)?\\w\\w)\\/.*/"],"orig_matches":[],"orig_noframes":null,"orig_run_at":"document-start","use_blockers":[],"use_connects":[],"use_excludes":[],"use_includes":[],"use_matches":[]}},"settings":{"enabled":true,"position":1},"meta":{"name":"Search buttons within google page","uuid":"fcc5d484-f1eb-4ff4-9ac7-b8acb61b824d","modified":1473278565352,"file_url":"https://greasyfork.org/scripts/7784-google-youtube-search-link/code/Google%20youtube%20search%20link.user.js"}}