{"options":{"awareOfChrome":false,"comment":null,"compat_arrayleft":false,"compat_foreach":false,"compat_forvarin":false,"compat_metadata":false,"compat_uW_gmonkey":false,"compat_wrappedjsobject":false,"compatopts_for_requires":true,"noframes":null,"override":{"merge_connects":true,"merge_excludes":true,"merge_includes":true,"merge_matches":true,"orig_connects":[],"orig_excludes":[],"orig_includes":[],"orig_matches":["*://www.youtube.com/watch?v=*"],"orig_noframes":null,"orig_run_at":"document-end","use_blockers":[],"use_connects":[],"use_excludes":[],"use_includes":[],"use_matches":[]},"run_at":null},"settings":{"enabled":false,"position":9},"meta":{"name":"Simple YouTube MP3 Button","uuid":"68a84093-97cc-4aa0-85ac-5a0c0df15cf3","modified":1468709154897,"file_url":"https://greasyfork.org/scripts/20015-simple-youtube-mp3-button/code/Simple%20YouTube%20MP3%20Button.user.js"}}