{"options":{"awareOfChrome":false,"comment":null,"compat_arrayleft":false,"compat_foreach":false,"compat_forvarin":false,"compat_metadata":false,"compat_uW_gmonkey":false,"compat_wrappedjsobject":false,"compatopts_for_requires":true,"noframes":null,"override":{"merge_connects":true,"merge_excludes":true,"merge_includes":true,"merge_matches":true,"orig_connects":[],"orig_excludes":[],"orig_includes":["http://wikipedia.tld/*","http://*.wikipedia.tld/*","http://wikipedia.org/*","http://*.wikipedia.org/*","https://wikipedia.org/*","https://*.wikipedia.org/*"],"orig_matches":[],"orig_noframes":null,"orig_run_at":"document-idle","use_blockers":[],"use_connects":[],"use_excludes":[],"use_includes":[],"use_matches":[]},"run_at":null},"settings":{"enabled":true,"position":5},"meta":{"name":"Wikipedia Inline Article Viewer","uuid":"b8fd3e59-dd37-4a2e-9c2f-81b99df54673","modified":1470004435653,"file_url":"https://greasyfork.org/scripts/7678-wikipedia-inline-article-viewer/code/Wikipedia%20Inline%20Article%20Viewer.user.js"}}