{"options":{"awareOfChrome":false,"comment":null,"compat_arrayleft":false,"compat_foreach":false,"compat_forvarin":false,"compat_metadata":false,"compat_uW_gmonkey":false,"compat_wrappedjsobject":false,"compatopts_for_requires":true,"noframes":null,"override":{"merge_connects":true,"merge_excludes":true,"merge_includes":true,"merge_matches":true,"orig_connects":[],"orig_excludes":["http://*.wikipedia.org/wiki/Main_Page"],"orig_includes":["http://*.wikipedia.org/*","https://*.wikipedia.org/*"],"orig_matches":[],"orig_noframes":null,"orig_run_at":"document-idle","use_blockers":[],"use_connects":[],"use_excludes":[],"use_includes":[],"use_matches":[]},"run_at":null},"settings":{"enabled":false,"position":34},"meta":{"name":"Wikipedia goes 3 columns","uuid":"e73c0366-8d4f-4dc7-bfbd-5c5a14c64b2a","modified":1472253840073,"file_url":"https://openuserjs.org/install/sepich/Wikipedia_goes_3_columns.user.js"}}