{"options":{"awareOfChrome":false,"comment":null,"compat_arrayleft":false,"compat_foreach":false,"compat_forvarin":false,"compat_metadata":false,"compat_uW_gmonkey":false,"compat_wrappedjsobject":true,"compatopts_for_requires":true,"noframes":null,"override":{"merge_connects":true,"merge_excludes":true,"merge_includes":true,"merge_matches":true,"orig_connects":[],"orig_excludes":[],"orig_includes":["http://*.youtube.com/*","http://youtube.com/*","https://*.youtube.com/*","https://youtube.com/*"],"orig_matches":[],"orig_noframes":null,"orig_run_at":"document-idle","use_blockers":[],"use_connects":[],"use_excludes":[],"use_includes":[],"use_matches":[]},"run_at":null},"settings":{"enabled":false,"position":18},"meta":{"name":"YouTube Auto Buffer & Auto HD","uuid":"93712d58-ae1e-4d0b-b11b-9281cc958317","modified":1469607858090,"file_url":"https://greasyfork.org/scripts/494-youtube-auto-buffer-auto-hd/code/YouTube%20Auto%20Buffer%20%20Auto%20HD.user.js"}}