{"options":{"awareOfChrome":false,"comment":null,"compat_arrayleft":false,"compat_foreach":false,"compat_forvarin":false,"compat_metadata":false,"compat_uW_gmonkey":false,"compat_wrappedjsobject":false,"compatopts_for_requires":true,"noframes":null,"override":{"merge_connects":true,"merge_excludes":true,"merge_includes":true,"merge_matches":true,"orig_connects":[],"orig_excludes":[],"orig_includes":[],"orig_matches":["http://www.youtube.com/*","https://www.youtube.com/*"],"orig_noframes":true,"orig_run_at":"document-idle","use_blockers":[],"use_connects":["googleapis.com"],"use_excludes":[],"use_includes":[],"use_matches":[]},"run_at":null},"settings":{"enabled":true,"position":3},"meta":{"name":"YouTube Grid & Preview Player","uuid":"1861a35a-db70-41c8-adb9-bfec6440689f","modified":1471205702335,"file_url":"https://greasyfork.org/scripts/12998-youtube-grid-preview-player/code/YouTube%20Grid%20%20Preview%20Player.user.js"}}