{"data":{"big":"btrue","cache":"s{\"ythRF0kb9MRlg\":\"Video not found\\t4\",\"ytovpKSL5jnAA\":\"Battery powered plane gets a test flight - Elektra One - D-MELN\",\"ytObmAOJA__1k\":\"Glass engine, rendered CAD animation, combustion high speed imaging, based on a Pannonia block\",\"ytW2eILCrW53M\":\"Deutz engine 1\",\"yt2QB7XPMeLnA\":\"Deutz engine 2\",\"ytY_e7rA4fBAo\":\"Elon Musk on why Hydrogen fuel cell is dumb (2015.1.13)\",\"ytB_Whbb_hlPs\":\"Hydrogen Fuel Cell electric bike\",\"vm25279206\":\"Fuel Starvation\\t\\thttps://i.vimeocdn.com/video/166349982_295x166.jpg\",\"ytu0uPmrSRM7w\":\"Ilmor 5 Stroke Engine\",\"ytUmA_3CRHFQU\":\"Sixth Stroke - An Interview with Chanayil Cleetus Anil, NIYKADO Motors\",\"ytr1EVfr0diZY\":\"Live conversation between UN Secretary General Ban Ki-Moon & Bertrand Piccard\",\"yto_9oDFMiIhw\":\"Design Of Solar Impulse 1 to European Flights 2011\",\"ytcqOHbihYbhE\":\"Intelligence in Wikipedia\",\"ytVM3OPNwGOFg\":\"Resisting Internet Censorship: Katherine Maher of Access at SHARE Beirut\",\"yt7VApsZ4Ltac\":\"Success with Code Avengers\",\"ytTxPpH8LJfdg\":\"5.ua :: Янукович назвав Тимошенко \\\"коровою на льду\\\"\",\"yt6OFL_6UQgog\":\"Янукович невиновен Ген прокурор Украины Yanukovych\",\"ytWimc2kyuYjE\":\"Что такое аккаунт? Как зарегистрировать (создать) аккаунт.\",\"yt5RScapkojhI\":\"Безопасная IP-телефония Asterisk: закрытие уязвимостей\",\"ytwX6NwBa1csY\":\"Using SDXC Memory Cards is Easy\",\"ytvQqeAk__vvE\":\"CodeOverview for GVim\",\"ytA3PDXmYoF5U\":\"GoPro HERO3: Almost as Epic as the HERO3+\",\"cbz12n97i\":\"Hollaback Chicken\\t\\thttps://coubsecure-a.akamaihd.net/get/bucket:12.21/p/coub/simple/cw_image/0be3b055b27/f3f464e3cd755b5d1da63/big_1409579755_1381491418_00032.jpg\",\"vnhLQIB3Ka0Vl\":\"Flat Iron 💦💦💦\\t\\thttps://v.cdn.vine.co/r/thumbs/E77952692D1035360409206550528_1ca211dd7ba.4.7.16276969947760525878.mp4_82b1VK7Y_7lPcHEYtuwtsbe2NC9B0VoL5jX6JHTWAwuk73rqQU46nsNbxT7ChbbT.jpg?versionId=tAgi.miyDNaQlHQQx7Ddr2zpaHk3t533\",\"ytNWHfY_lvKIQ\":\"Learning from StackOverflow.com\",\"ytlIFE7h3m40U\":\"The Art of the Bodge: How I Made The Emoji Keyboard\",\"ytJv0UQR-5ZLs\":\"A Common Lisp FullScreen Window Manager (CLFSWM) presentation\",\"ytNlD2L-AUQ_Q\":\"Edit Replacements\",\"ytaRrPZ73ZEYA\":\"Personal Variable List\",\"ytKKvHVR7gLUY\":\"Install AHK Studio and download a plugin\",\"ytYCI4T09L7OI\":\"Getting Started\",\"ytMDcVR5enjP8\":\"MACHO MAN Trailer 2015 (HD) - Christian Ulmen, Nora Tschirner & Axel Stein\",\"ytoaF-HdgZVU8\":\"A Royal Night Out - Official UK Trailer - In Cinemas Now!\",\"ytIP0nMv_NI1s\":\"Google Chrome Extensions: Developing and Debugging\",\"ytNim4_f5QUxA\":\"Vim Training Class 1 - Basic motions and commands\",\"yt2pqipq-UEwQ\":\"Vim Training Class 2 - Customizing and Extending Vim\",\"ytLftssGgRl5M\":\"Re:Flex Motion Morph Tutorial\",\"ytY0m10OGcw14\":\"Sam Chao's \\\"All Damn Day\\\" Video\",\"yt9TolpbhGftQ\":\"Slick Willies -June Monthly 2016\",\"ytIK0mI8y3ADk\":\"Drawing Boards x Level x Smash Skates @ Flo\",\"yt1AnHBoAh1W4\":\"Boomtown Ramp 2014\",\"ytxog5rhN5e8w\":\"Vans Shop Riot 2016 UK Skateboard Competition - Slick Willies\",\"ytTavRhEulwQk\":\"Джедай верстки #1. Часть 1: Адаптивная HTML верстка на примере сайта автосервиса\",\"yt-ymjT8C-tHc\":\"Configuring and deploying to IIS ASP.NET\",\"ytjobvVaekOKA\":\"The Big Bang Theory: \\\"Get back on the whores\\\"\",\"yteRZ4pO0gVWw\":\"DOM Mutation Observers & The Mutation Summary Library\",\"ytYpYqOneduiw\":\"Advisor Assignments and Placing and Removing Holds\",\"ytOUcWtCpPjew\":\"CalCentral for Advising: Queries\",\"ytxm6Lg0H2-AQ\":\"Where Did MyBerkeley App Go: Webinar 3/21/16\",\"ytiTy8gXRNbwc\":\"The Student Enrollment Experience\",\"ytamONbknrGFI\":\"The Schedule of Classes for Advisors\",\"ytDhBGH4spsiI\":\"Overview of CalCentral for Advising: The Student Experience\",\"vm95045348\":\"Introduction to the Babun Project\\t\\thttps://i.vimeocdn.com/video/474915578_295x166.jpg\",\"ytuEdRLlqdgA4\":\"iPad Art - Morgan Freeman Finger Painting\",\"ytweF-_dLYrzw\":\"Video not found\\t4\",\"ytHi2V1x1AkD8\":\"Tom Preston-Werner at Mail.ru Office 2010\",\"ytLn-B_fs9QMY\":\"Founders & CEOs of Eventbrite, GitHub, Mozilla, & ALOM on Startup Culture\",\"ytk2vJNNAQZlg\":\"Jive and Fox Business Host GitHub CEO Tom Preston-Werner\",\"yt7DoB0SCUtOk\":\"Tom Preston-Werner interviewed at OSCON 2013\",\"vm17118008\":\"Tom Preston-Werner - Mastering Git Basics\\t\\thttps://i.vimeocdn.com/video/105875001_640.jpg\",\"vm39016099\":\"Tom Preston-Werner - Optimizing for Happiness\\t\\thttps://i.vimeocdn.com/video/268999630_295x166.jpg\",\"vm35640883\":\"NLC 11: Closing keynote - Tom Preston-Werner (GitHub)\\t\\thttps://i.vimeocdn.com/video/243850374_295x166.jpg\",\"ytQ5ieU-yA_rU\":\"OptimizedHTML 1.0 - лучшие практики скоростной оптимизированной верстки сайтов\",\"ytp-Sdyj9qnmY\":\"Как увеличить скорость загрузки сайта (оптимизация фронтенда для Google PageSpeed)\",\"ytH4cG4tbc-xQ\":\"Sass для самых маленьких - подробное руководство\",\"ytZJZfIw3P8No\":\"ECMAScript 6 / ES6 New Features - Tutorial 1 - Let\",\"ytxZbMVj9XSUo\":\"Emacs running in Neovim\",\"ytK1XEVClxa_c\":\"CANT FOCUS? CHECK THIS OUT! | BY ANIKA MORJARIA\",\"ytUmb59mMvCxA\":\"Vim Multicursors\",\"ytNBdKplKl_3Q\":\"Gulp 3: Потоки Vinyl-FS\",\"yt_BFWG82mMkw\":\"Gulp 4: Начальная сборка стилей\",\"ytuPk6lQoTThE\":\"Gulp 1: Что такое Gulp? Сравнение с Grunt и Webpack\",\"ytxptUdO3GuG8\":\"Gulp 2: Установка и запуск задач\",\"ytoiMJNIG-yvg\":\"Gulp 7: Автоперезагрузка браузера: browser-sync\",\"ytjocvHauHcA4\":\"Gulp 5: Инкрементальная сборка, watch\",\"ytotkXzef2wQY\":\"Gulp 8: Обработка ошибок\",\"ytuYZPNrT-e-8\":\"Gulp 6: Инкрементальность и производительность\",\"ytIjg9I1CY7Ok\":\"Gulp 9: Создание плагинов при помощи through2\",\"ytpjdrg6n5puU\":\"Gulp 10: Более сложный поток: eslint, gulp-if, stream-combiner2\",\"yt5aJB4vJlHBs\":\"Gulp 11: Понимаем ли мы потоки Node.JS?\",\"ytVqYAitDKbpo\":\"Gulp 13: Стили + ресурсы, спрайты, продакшн\",\"ytQc6go3cNuRk\":\"Gulp 12: Организация gulpfile'а\",\"ytohWOWqskHWU\":\"Gulp 14: Интеграция Gulp и Webpack\",\"ytriIVNjPOyDo\":\"How to Pronounce Gulp\",\"ytE9FxNzv1Tr8\":\"Making HTTP realtime with HTTP 2.0 - Realtime Conf 2013\",\"ytU45e-zq4bTs\":\"[CSSconf.eu 2013] Peter Gasston - Future CSS in Web Components\",\"ytGpwpsbHM4gk\":\"Vim Align Plugin\",\"ytf1BEjGet8M8\":\"Morphine - Buena | 2 Meter Sessies | 25/5/1994\",\"ytYhqsjUUHj6g\":\"Vim as a Python IDE - Martin Brochhaus\",\"yt67OZNp9Z0CQ\":\"VIM Python-mode\",\"ytg5GamptmWeA\":\"Going cross-platform: how htop was made portable\",\"yt1-_YsRJ6Grs\":\"Эффективная работа с запросами в Microsoft SQL Server Management Studio\",\"ytl6x-tIGrfEs\":\"Маршрутизация IP-трафика\",\"ytPbaG8I8OkAs\":\"Новые возможности Windows Server 2016\",\"ytoJ3mK1m41TM\":\"Параллельные и многопоточные задачи программирования\",\"ytU5MAUWV6DVo\":\"Компьютерные сети\",\"yt1Yc-u5IyufI\":\"Конфигурирование, сборка и установка ядра Linux\",\"ytedNA4BuDWxY\":\"Маскировка данных в SQL Server 2016\",\"ytTLVI2MzSQAc\":\"Файловая система proc1 при написании драйвера в Linux\",\"yt2zemgtuurUM\":\"Диагностика и восстановление загрузки Windows\",\"ytmqjvUH5XN9M\":\"Противодействие хакерскому взлому: устройство логов и способы подмены записей журналов\",\"ytbSBmqgVGhn8\":\"Новое в SharePoint 2013 для администраторов\",\"yt8S1snIWlV6I\":\"Центр «Специалист». Wireshark - сниффер №1\",\"ytsTOwJOHAfgQ\":\"Курсы FreeBSD\",\"ytPpLn26xBcn4\":\"Курсы UNIX (Linux/FreeBSD) в Центре \\\"Специалист\\\"\",\"yt8XLRObfWwqQ\":\"Добро пожаловать в Центр \\\"Специалист\\\"\",\"ytOHevIeUyA5g\":\"Анализ журналов с помощью LogParser\",\"ytSQRLwq_YCLI\":\"Информационная безопасность и антивирусная защита Kaspersky Lab (часть 1))\",\"yt5Y67Q7um1WU\":\"Корпоративный WebVPN на основе прокси-сервера Squid\",\"ytC0MOFGn4RcI\":\"Вебинар:\\\"Об ip-адресации по-простому\\\"\",\"vm25764692\":\"Threesome.vim work-in-progress demo\\t\\thttps://i.vimeocdn.com/video/169838259_295x166.jpg\"}","country":"s","darken":"btrue","embed_mode":"splayer","previews":"btrue","reverse_buttons":"bfalse","rewrite":"btrue","urls_only":"bfalse"},"ts":1473223456748}