{"data":{"autoLoadOther":"btrue","autoLoadSearch":"btrue","defEnable":"btrue","gridEnable":"btrue","gridHist":"btrue","gridPlist":"btrue","gridRel":"btrue","gridSearch":"btrue","gridTrend":"btrue","newTab":"bfalse","playerClose":"btrue","playerDef":"sdefault","playerDim":"btrue","playerEnable":"btrue","playerFit":"bfalse","playerFocus":"bfalse","playerNext":"btrue","playerPause":"btrue","playerPos":"s11","playerPosAuto":"bfalse","playerSize":"slarge","rateEnable":"btrue","userLink":"bfalse","ytFocus":"bfalse"},"ts":1471843871976}