{"options":{"awareOfChrome":false,"comment":null,"compat_arrayleft":false,"compat_foreach":false,"compat_forvarin":false,"compat_metadata":false,"compat_uW_gmonkey":false,"compat_wrappedjsobject":false,"compatopts_for_requires":true,"noframes":null,"override":{"merge_connects":true,"merge_excludes":true,"merge_includes":true,"merge_matches":true,"orig_connects":["googleapis.com","vimeo.com","vine.co","liveleak.com","worldstarhiphop.com","dailymotion.com","coub.com","vid.me","streamable.com"],"orig_excludes":["http*//*.google.*/*","*//*.googleapis.com/*","*//vimeo.com/*","*//*.vimeo.com/*","*//*.worldstarhiphop.com/*","*//vine.co/*","*//*.dailymotion.com/*","*//coub.com/*","*//vid.me/*","*//*.vid.me/*","*://disqus.com/embed/*worldstarhiphop*","*//streamable.com/*","*//*.streamable.com/*"],"orig_includes":["http*"],"orig_matches":[],"orig_noframes":null,"orig_run_at":"document-idle","use_blockers":[],"use_connects":[],"use_excludes":[],"use_includes":[],"use_matches":[]},"run_at":null},"settings":{"enabled":true,"position":17},"meta":{"name":"YouTube Link Title","uuid":"baf1f229-9311-46a5-84b2-b4a4cf6fa415","modified":1469599042532,"file_url":"https://greasyfork.org/scripts/413-youtube-link-title/code/YouTube%20Link%20Title.user.js"}}